Workbook

Sheet Pedidos
A1: ID_Pedido | B1: Data | C1: ID_Produto | D1: ID_Vendedor | E1: Quantidade | F1: Desconto | G1: Nome produto | H1: Preço | I1: Vendedor | J1: Meta | K1: Valor Bruto | L1: Valor Final | M1: Classificação de pedidos | N1: Venda Estratégica
A2: 1 | B2: 01/02/2024 | C2: P01 | D2: V01 | E2: 3 | F2: 0 | G2: =VLOOKUP(Tabela2[[#This Row],[ID_Produto]],Produtos!A:B,2,0) -> Teclado | H2: =VLOOKUP(Tabela2[[#This Row],[ID_Produto]],Produtos!A:C,3,0) -> 120 | I2: =VLOOKUP(Tabela3[[#This Row],[ID_Vendedor]],Vendedores!A:B,2,0) -> Ana | J2: =VLOOKUP(Tabela3[[#This Row],[ID_Vendedor]],Vendedores!A:C,3,0) -> 5000 | K2: =Tabela1[[#This Row],[ Quantidade ]]*Tabela1[[#This Row],[Preço]] -> 360 | L2: =Tabela1[[#This Row],[Valor Bruto]]-Tabela1[[#This Row],[ Desconto]] -> 360 | M2: =IF(Tabela1[[#This Row],[Valor Final]]>=5000,"Mega Venda",IF(Tabela1[[#This Row],[Valor Final]]>=2000,"Grande",IF(Tabela1[[#This Row],[Valor Final]]>=500,"Média","Pequena"))) -> Pequena | N2: =IF(AND(OR(Tabela1[[#This Row],[Nome produto]]="Notebook",Tabela1[[#This Row],[Nome produto]]="Monitor"),Tabela1[[#This Row],[Valor Final]]>3000),"SIM","NÃO") -> NÃO
A3: 2 | B3: 01/02/2024 | C3: P03 | D3: V02 | E3: 5 | F3: 0.1 | G3: =VLOOKUP(Tabela2[[#This Row],[ID_Produto]],Produtos!A:B,2,0) -> Mouse | H3: =VLOOKUP(Tabela2[[#This Row],[ID_Produto]],Produtos!A:C,3,0) -> 60 | I3: =VLOOKUP(Tabela3[[#This Row],[ID_Vendedor]],Vendedores!A:B,2,0) -> Bruno | J3: =VLOOKUP(Tabela3[[#This Row],[ID_Vendedor]],Vendedores!A:C,3,0) -> 6000 | K3: =Tabela1[[#This Row],[ Quantidade ]]*Tabela1[[#This Row],[Preço]] -> 300 | L3: =Tabela1[[#This Row],[Valor Bruto]]-Tabela1[[#This Row],[ Desconto]] -> 299.9 | M3: =IF(Tabela1[[#This Row],[Valor Final]]>=5000,"Mega Venda",IF(Tabela1[[#This Row],[Valor Final]]>=2000,"Grande",IF(Tabela1[[#This Row],[Valor Final]]>=500,"Média","Pequena"))) -> Pequena | N3: =IF(AND(OR(Tabela1[[#This Row],[Nome produto]]="Notebook",Tabela1[[#This Row],[Nome produto]]="Monitor"),Tabela1[[#This Row],[Valor Final]]>3000),"SIM","NÃO") -> NÃO
A4: 3 | B4: 02/02/2024 | C4: P04 | D4: V03 | E4: 2 | F4: 0.05 | G4: =VLOOKUP(Tabela2[[#This Row],[ID_Produto]],Produtos!A:B,2,0) -> Monitor | H4: =VLOOKUP(Tabela2[[#This Row],[ID_Produto]],Produtos!A:C,3,0) -> 900 | I4: =VLOOKUP(Tabela3[[#This Row],[ID_Vendedor]],Vendedores!A:B,2,0) -> Carlos | J4: =VLOOKUP(Tabela3[[#This Row],[ID_Vendedor]],Vendedores!A:C,3,0) -> 4500 | K4: =Tabela1[[#This Row],[ Quantidade ]]*Tabela1[[#This Row],[Preço]] -> 1800 | L4: =Tabela1[[#This Row],[Valor Bruto]]-Tabela1[[#This Row],[ Desconto]] -> 1799.95 | M4: =IF(Tabela1[[#This Row],[Valor Final]]>=5000,"Mega Venda",IF(Tabela1[[#This Row],[Valor Final]]>=2000,"Grande",IF(Tabela1[[#This Row],[Valor Final]]>=500,"Média","Pequena"))) -> Média | N4: =IF(AND(OR(Tabela1[[#This Row],[Nome produto]]="Notebook",Tabela1[[#This Row],[Nome produto]]="Monitor"),Tabela1[[#This Row],[Valor Final]]>3000),"SIM","NÃO") -> NÃO
A5: 4 | B5: 02/02/2024 | C5: P02 | D5: V04 | E5: 10 | F5: 0 | G5: =VLOOKUP(Tabela2[[#This Row],[ID_Produto]],Produtos!A:B,2,0) -> Notebook | H5: =VLOOKUP(Tabela2[[#This Row],[ID_Produto]],Produtos!A:C,3,0) -> 3500 | I5: =VLOOKUP(Tabela3[[#This Row],[ID_Vendedor]],Vendedores!A:B,2,0) -> Daniela | J5: =VLOOKUP(Tabela3[[#This Row],[ID_Vendedor]],Vendedores!A:C,3,0) -> 7000 | K5: =Tabela1[[#This Row],[ Quantidade ]]*Tabela1[[#This Row],[Preço]] -> 35000 | L5: =Tabela1[[#This Row],[Valor Bruto]]-Tabela1[[#This Row],[ Desconto]] -> 35000 | M5: =IF(Tabela1[[#This Row],[Valor Final]]>=5000,"Mega Venda",IF(Tabela1[[#This Row],[Valor Final]]>=2000,"Grande",IF(Tabela1[[#This Row],[Valor Final]]>=500,"Média","Pequena"))) -> Mega Venda | N5: =IF(AND(OR(Tabela1[[#This Row],[Nome produto]]="Notebook",Tabela1[[#This Row],[Nome produto]]="Monitor"),Tabela1[[#This Row],[Valor Final]]>3000),"SIM","NÃO") -> SIM
A6: 5 | B6: 03/02/2024 | C6: P08 | D6: V05 | E6: 6 | F6: 0.15 | G6: =VLOOKUP(Tabela2[[#This Row],[ID_Produto]],Produtos!A:B,2,0) -> Headset | H6: =VLOOKUP(Tabela2[[#This Row],[ID_Produto]],Produtos!A:C,3,0) -> 250 | I6: =VLOOKUP(Tabela3[[#This Row],[ID_Vendedor]],Vendedores!A:B,2,0) -> Eduardo | J6: =VLOOKUP(Tabela3[[#This Row],[ID_Vendedor]],Vendedores!A:C,3,0) -> 5500 | K6: =Tabela1[[#This Row],[ Quantidade ]]*Tabela1[[#This Row],[Preço]] -> 1500 | L6: =Tabela1[[#This Row],[Valor Bruto]]-Tabela1[[#This Row],[ Desconto]] -> 1499.85 | M6: =IF(Tabela1[[#This Row],[Valor Final]]>=5000,"Mega Venda",IF(Tabela1[[#This Row],[Valor Final]]>=2000,"Grande",IF(Tabela1[[#This Row],[Valor Final]]>=500,"Média","Pequena"))) -> Média | N6: =IF(AND(OR(Tabela1[[#This Row],[Nome produto]]="Notebook",Tabela1[[#This Row],[Nome produto]]="Monitor"),Tabela1[[#This Row],[Valor Final]]>3000),"SIM","NÃO") -> NÃO
A7: 6 | B7: 03/02/2024 | C7: P07 | D7: V01 | E7: 1 | F7: 0 | G7: =VLOOKUP(Tabela2[[#This Row],[ID_Produto]],Produtos!A:B,2,0) -> Webcam | H7: =VLOOKUP(Tabela2[[#This Row],[ID_Produto]],Produtos!A:C,3,0) -> 180 | I7: - | J7: - | K7: =Tabela1[[#This Row],[ Quantidade ]]*Tabela1[[#This Row],[Preço]] -> 180 | L7: =Tabela1[[#This Row],[Valor Bruto]]-Tabela1[[#This Row],[ Desconto]] -> 180 | M7: =IF(Tabela1[[#This Row],[Valor Final]]>=5000,"Mega Venda",IF(Tabela1[[#This Row],[Valor Final]]>=2000,"Grande",IF(Tabela1[[#This Row],[Valor Final]]>=500,"Média","Pequena"))) -> Pequena | N7: =IF(AND(OR(Tabela1[[#This Row],[Nome produto]]="Notebook",Tabela1[[#This Row],[Nome produto]]="Monitor"),Tabela1[[#This Row],[Valor Final]]>3000),"SIM","NÃO") -> NÃO
A8: 7 | B8: 04/02/2024 | C8: P06 | D8: V02 | E8: 4 | F8: 0.05 | G8: =VLOOKUP(Tabela2[[#This Row],[ID_Produto]],Produtos!A:B,2,0) -> Cadeira | H8: =VLOOKUP(Tabela2[[#This Row],[ID_Produto]],Produtos!A:C,3,0) -> 800 | I8: - | J8: - | K8: =Tabela1[[#This Row],[ Quantidade ]]*Tabela1[[#This Row],[Preço]] -> 3200 | L8: =Tabela1[[#This Row],[Valor Bruto]]-Tabela1[[#This Row],[ Desconto]] -> 3199.95 | M8: =IF(Tabela1[[#This Row],[Valor Final]]>=5000,"Mega Venda",IF(Tabela1[[#This Row],[Valor Final]]>=2000,"Grande",IF(Tabela1[[#This Row],[Valor Final]]>=500,"Média","Pequena"))) -> Grande | N8: =IF(AND(OR(Tabela1[[#This Row],[Nome produto]]="Notebook",Tabela1[[#This Row],[Nome produto]]="Monitor"),Tabela1[[#This Row],[Valor Final]]>3000),"SIM","NÃO") -> NÃO
A9: 8 | B9: 04/02/2024 | C9: P09 | D9: V03 | E9: 3 | F9: 0 | G9: =VLOOKUP(Tabela2[[#This Row],[ID_Produto]],Produtos!A:B,2,0) -> Mesa | H9: =VLOOKUP(Tabela2[[#This Row],[ID_Produto]],Produtos!A:C,3,0) -> 600 | I9: - | J9: - | K9: =Tabela1[[#This Row],[ Quantidade ]]*Tabela1[[#This Row],[Preço]] -> 1800 | L9: =Tabela1[[#This Row],[Valor Bruto]]-Tabela1[[#This Row],[ Desconto]] -> 1800 | M9: =IF(Tabela1[[#This Row],[Valor Final]]>=5000,"Mega Venda",IF(Tabela1[[#This Row],[Valor Final]]>=2000,"Grande",IF(Tabela1[[#This Row],[Valor Final]]>=500,"Média","Pequena"))) -> Média | N9: =IF(AND(OR(Tabela1[[#This Row],[Nome produto]]="Notebook",Tabela1[[#This Row],[Nome produto]]="Monitor"),Tabela1[[#This Row],[Valor Final]]>3000),"SIM","NÃO") -> NÃO
A10: 9 | B10: 05/02/2024 | C10: P05 | D10: V04 | E10: 7 | F10: 0.1 | G10: =VLOOKUP(Tabela2[[#This Row],[ID_Produto]],Produtos!A:B,2,0) -> HD Externo | H10: =VLOOKUP(Tabela2[[#This Row],[ID_Produto]],Produtos!A:C,3,0) -> 450 | I10: - | J10: - | K10: =Tabela1[[#This Row],[ Quantidade ]]*Tabela1[[#This Row],[Preço]] -> 3150 | L10: =Tabela1[[#This Row],[Valor Bruto]]-Tabela1[[#This Row],[ Desconto]] -> 3149.9 | M10: =IF(Tabela1[[#This Row],[Valor Final]]>=5000,"Mega Venda",IF(Tabela1[[#This Row],[Valor Final]]>=2000,"Grande",IF(Tabela1[[#This Row],[Valor Final]]>=500,"Média","Pequena"))) -> Grande | N10: =IF(AND(OR(Tabela1[[#This Row],[Nome produto]]="Notebook",Tabela1[[#This Row],[Nome produto]]="Monitor"),Tabela1[[#This Row],[Valor Final]]>3000),"SIM","NÃO") -> NÃO
A11: 10 | B11: 05/02/2024 | C11: P10 | D11: V05 | E11: 12 | F11: 0 | G11: =VLOOKUP(Tabela2[[#This Row],[ID_Produto]],Produtos!A:B,2,0) -> Pen Drive | H11: =VLOOKUP(Tabela2[[#This Row],[ID_Produto]],Produtos!A:C,3,0) -> 40 | I11: - | J11: - | K11: =Tabela1[[#This Row],[ Quantidade ]]*Tabela1[[#This Row],[Preço]] -> 480 | L11: =Tabela1[[#This Row],[Valor Bruto]]-Tabela1[[#This Row],[ Desconto]] -> 480 | M11: =IF(Tabela1[[#This Row],[Valor Final]]>=5000,"Mega Venda",IF(Tabela1[[#This Row],[Valor Final]]>=2000,"Grande",IF(Tabela1[[#This Row],[Valor Final]]>=500,"Média","Pequena"))) -> Pequena | N11: =IF(AND(OR(Tabela1[[#This Row],[Nome produto]]="Notebook",Tabela1[[#This Row],[Nome produto]]="Monitor"),Tabela1[[#This Row],[Valor Final]]>3000),"SIM","NÃO") -> NÃO
A12: 11
A13: 12
A14: 13
A15: 14
A16: 15
A17: 16
A18: 17
A19: 18
A20: 19
A21: 20
A22: 21
A23: 22
... A50: 49

Sheet Produtos
A1: ID_Produto | B1: Produto | C1: Preco
A2: P01 | B2: Teclado | C2: 120
A3: P02 | B3: Mouse | C3: 60
A4: P03 | B4: Monitor | C4: 900
A5: P04 | B5: Notebook | C5: 3500
A6: P05 | B6: Headset | C6: 250
A7: P06 | B7: Webcam | C7: 180
A8: P07 | B8: Cadeira | C8: 800
A9: P08 | B9: Mesa | C9: 600
A10: P09 | B10: HD Externo | C10: 450
A11: P10 | B11: Pen Drive | C11: 40

Sheet Vendedores
A1: ID_Vendedor | B1: Vendedor | C1: Meta | D1: Status
A2: V01 | B2: Ana | C2: 5000 | D2: =IF([1]!Tabela1[[#This Row],[Valor da venda]]>=Tabela3[[#This Row],[Meta]],"Meta Atingida","Abaixo da Meta") -> Abaixo da Meta
A3: V02 | B3: Bruno | C3: 6000 | D3: =IF([1]!Tabela1[[#This Row],[Valor da venda]]>=Tabela3[[#This Row],[Meta]],"Meta Atingida","Abaixo da Meta") -> Abaixo da Meta
A4: V03 | B4: Carlos | C4: 4500 | D4: =IF([1]!Tabela1[[#This Row],[Valor da venda]]>=Tabela3[[#This Row],[Meta]],"Meta Atingida","Abaixo da Meta") -> Meta Atingida
A5: V04 | B5: Daniela | C5: 7000 | D5: =IF([1]!Tabela1[[#This Row],[Valor da venda]]>=Tabela3[[#This Row],[Meta]],"Meta Atingida","Abaixo da Meta") -> Meta Atingida
A6: V05 | B6: Eduardo | C6: 5500 | D6: =IF([1]!Tabela1[[#This Row],[Valor da venda]]>=Tabela3[[#This Row],[Meta]],"Meta Atingida","Abaixo da Meta") -> Abaixo da Meta
